rsid	CHR	Pval
rs56094641	14	5.47795127468876e-25
rs55872725	14	1.49355645826642e-23
rs1558901	13	6.85343241474546e-23
rs9923544	13	6.85343241474546e-23
rs9928094	13	6.85343241474546e-23
rs9937053	13	6.85343241474546e-23
rs9937354	13	6.85343241474546e-23
rs9940128	13	6.85343241474546e-23
rs11075985	13	9.62444671179536e-23
rs1421086	13	1.60426198873344e-22
rs9923147	13	1.60426198873344e-22
rs9930333	13	1.60426198873344e-22
rs9930397	13	1.60426198873344e-22
rs9939973	13	1.60426198873344e-22
rs9940278	13	1.60426198873344e-22
rs9940646	13	1.60426198873344e-22
rs11642015	13	1.46374396582799e-21
rs1421085	13	1.46374396582799e-21
rs1558902	13	1.46374396582799e-21
rs62048402	13	1.46374396582799e-21
rs1229984	8	6.14431790891312e-21
rs1121980	12	7.90953043770394e-21
rs62033400	12	1.67291427559031e-20
rs10774625	12	6.50530849482457e-20
rs4766578	12	6.50530849482457e-20
rs17817449	11	1.67365219581698e-18
rs8043757	11	1.67365219581698e-18
rs13107325	8	3.02085487806598e-18
rs597808	11	3.42598810476952e-18
rs7137828	11	3.42598810476952e-18
rs7310615	11	3.42598810476952e-18
rs8063057	11	5.92279477663788e-18
rs9972653	11	1.03841303971273e-17
rs10774624	11	1.23294086213421e-17
rs11075988	11	3.65722926839436e-17
rs11075989	11	3.65722926839436e-17
rs11075990	11	3.65722926839436e-17
rs11075991	11	3.65722926839436e-17
rs11075992	11	3.65722926839436e-17
rs17817497	11	3.65722926839436e-17
rs3751814	11	3.65722926839436e-17
rs56313538	11	3.65722926839436e-17
rs62033399	11	3.65722926839436e-17
rs62033403	11	3.65722926839436e-17
rs62033404	11	3.65722926839436e-17
rs66908032	11	3.65722926839436e-17
rs7185735	11	3.65722926839436e-17
rs7187250	11	3.65722926839436e-17
rs7190396	11	3.65722926839436e-17
rs7193144	11	3.65722926839436e-17
rs7202116	11	3.65722926839436e-17
rs7202296	11	3.65722926839436e-17
rs7206122	11	3.65722926839436e-17
rs7206410	11	3.65722926839436e-17
rs72803697	11	3.65722926839436e-17
rs8050136	11	3.65722926839436e-17
rs8051591	11	3.65722926839436e-17
rs9923233	11	3.65722926839436e-17
rs9923312	11	3.65722926839436e-17
rs9926289	11	3.65722926839436e-17
rs9935401	11	3.65722926839436e-17
rs9936385	11	3.65722926839436e-17
rs9939609	11	3.65722926839436e-17
rs3184504	11	6.59593269607325e-17
rs653178	11	6.59593269607325e-17
rs62033406	10	7.36633511316036e-17
rs3094054	6	1.27646895866216e-16
rs685031	10	2.85607426203895e-16
rs9931494	10	6.25213253016186e-16
rs9941349	10	6.25213253016186e-16
rs28567725	10	7.31060943307121e-16
rs7201850	10	7.31060943307121e-16
rs7206629	10	7.31060943307121e-16
rs9931900	10	7.31060943307121e-16
rs9933509	10	7.31060943307121e-16
rs9937709	10	7.31060943307121e-16
rs7752608	7	7.34072206769647e-16
rs34592089	7	7.55933391263905e-16
rs28929474	6	7.9443967087392e-16
rs3128759	10	7.97071844846916e-16
rs644045	10	7.97071844846916e-16
rs7412	7	9.30589987293869e-16
rs9379833	9	1.10264446752387e-15
rs9927317	11	1.39844597393299e-15
rs41291790	6	1.59376350794407e-15
rs2647232	6	1.74626880728958e-15
rs2519093	9	2.60625912200527e-15
rs507666	9	2.60625912200527e-15
rs532436	9	2.60625912200527e-15
rs28626310	8	4.0175250763987e-15
rs9379832	9	4.48458108370944e-15
rs1264351	8	4.82880427032456e-15
rs3130825	6	5.02162153838164e-15
rs1613056	8	5.98889037767078e-15
rs1617322	8	5.98889037767078e-15
rs1794272	8	5.98889037767078e-15
rs1794277	8	5.98889037767078e-15
rs1794280	8	5.98889037767078e-15
rs1794283	8	5.98889037767078e-15
rs1794511	8	5.98889037767078e-15
rs1794528	8	5.98889037767078e-15
rs1794530	8	5.98889037767078e-15
rs2395228	8	5.98889037767078e-15
rs2647004	8	5.98889037767078e-15
rs2647019	8	5.98889037767078e-15
rs2647044	8	5.98889037767078e-15
rs2854275	8	5.98889037767078e-15
rs3129716	8	5.98889037767078e-15
rs3129817	8	5.98889037767078e-15
rs3134977	8	5.98889037767078e-15
rs3134978	8	5.98889037767078e-15
rs13191786	8	6.60806965617617e-15
rs13207345	8	6.60806965617617e-15
rs13208096	8	6.60806965617617e-15
rs34218844	8	6.60806965617617e-15
rs35072899	8	6.60806965617617e-15
rs56075693	8	6.60806965617617e-15
rs56189111	8	6.60806965617617e-15
rs72854513	8	6.60806965617617e-15
rs2856674	8	6.81178339887971e-15
rs11066301	9	7.06997329765698e-15
rs13197175	8	7.27394001311697e-15
rs13197176	8	7.27394001311697e-15
rs13197574	8	7.27394001311697e-15
rs13201308	8	7.27394001311697e-15
rs13203816	8	7.27394001311697e-15
rs13216117	8	7.27394001311697e-15
rs13217984	8	7.27394001311697e-15
rs13218875	8	7.27394001311697e-15
rs28360499	8	7.27394001311697e-15
rs34166054	8	7.27394001311697e-15
rs34371502	8	7.27394001311697e-15
rs34505829	8	7.27394001311697e-15
rs34588114	8	7.27394001311697e-15
rs34662244	8	7.27394001311697e-15
rs34765154	8	7.27394001311697e-15
rs35098436	8	7.27394001311697e-15
rs35345226	8	7.27394001311697e-15
rs35749575	8	7.27394001311697e-15
rs35781323	8	7.27394001311697e-15
rs35902873	8	7.27394001311697e-15
rs36101351	8	7.27394001311697e-15
rs66886492	8	7.27394001311697e-15
rs67040724	8	7.27394001311697e-15
rs67297533	8	7.27394001311697e-15
rs67662114	8	7.27394001311697e-15
rs68188794	8	7.27394001311697e-15
rs71537572	8	7.27394001311697e-15
rs71559054	8	7.27394001311697e-15
rs71559070	8	7.27394001311697e-15
rs71559072	8	7.27394001311697e-15
rs72846780	8	7.27394001311697e-15
rs17696736	9	7.81780142649665e-15
rs13135092	7	8.14514981709164e-15
rs11066320	9	9.24072655964606e-15
rs1264349	8	1.29194088912232e-14
rs2736155	9	1.37936161591211e-14
rs2524065	8	1.39087086729065e-14
rs2524067	8	1.39087086729065e-14
rs2524086	8	1.39087086729065e-14
rs2844609	8	1.39087086729065e-14
rs2844613	8	1.39087086729065e-14
rs2844614	8	1.39087086729065e-14
rs2853942	8	1.39087086729065e-14
rs2853945	8	1.39087086729065e-14
rs2853947	8	1.39087086729065e-14
rs2853949	8	1.39087086729065e-14
rs614008	9	1.62938249246206e-14
rs11065991	9	1.68788986597081e-14
rs2013002	9	1.68788986597081e-14
rs9266065	8	3.3762677503512e-14
rs2442729	8	3.65308456530357e-14
rs11513729	9	4.52693945076983e-14
rs11065987	9	5.09677814807028e-14
rs7188250	9	5.09677814807028e-14
rs141622900	6	5.11768313317246e-14
rs11075993	9	5.20709251142569e-14
rs12149574	9	5.20709251142569e-14
rs12149832	9	5.20709251142569e-14
rs62033413	9	5.20709251142569e-14
rs72805611	9	5.20709251142569e-14
rs72805612	9	5.20709251142569e-14
rs72805613	9	5.20709251142569e-14
rs1052486	9	5.69979935175668e-14
rs1077393	9	5.69979935175668e-14
rs2507995	8	6.16200591075927e-14
rs2596504	8	6.16200591075927e-14
rs2596505	8	6.16200591075927e-14
rs2854002	8	6.16200591075927e-14
rs9266066	8	6.16200591075927e-14
rs9266070	8	6.16200591075927e-14
rs10468280	10	6.9038844184424e-14
rs17817712	10	6.9038844184424e-14
rs17817964	10	6.9038844184424e-14
rs3751812	10	6.9038844184424e-14
rs62033405	10	6.9038844184424e-14
rs62033408	10	6.9038844184424e-14
rs79994966	10	6.9038844184424e-14
rs2077491	9	8.34108411264007e-14
rs2077492	9	8.34108411264007e-14
rs1631951	8	9.8119088836709e-14
rs1634767	8	9.8119088836709e-14
rs532086	7	1.03813364083314e-13
rs535777	8	1.06200784942364e-13
rs9275576	8	1.06200784942364e-13
rs13190888	8	1.09664942610976e-13
rs33932084	8	1.09664942610976e-13
rs34661125	8	1.09664942610976e-13
rs34950484	8	1.09664942610976e-13
rs2844455	5	1.13917417929941e-13
rs635634	8	1.18751063485442e-13
rs11646715	9	1.19675969604182e-13
rs62396185	8	1.251450776124e-13
rs7766641	8	1.251450776124e-13
rs76895963	5	1.29571242399345e-13
rs11065979	9	1.4983498284084e-13
rs8047587	9	1.4983498284084e-13
rs1049709	8	1.53435162908754e-13
rs2442727	8	1.53435162908754e-13
rs2524069	8	1.53435162908754e-13
rs2395209	7	1.61605206948251e-13
rs483143	8	1.6436529602265e-13
rs3094622	7	1.81202607229821e-13
rs1813006	6	2.25834039448964e-13
rs148844907	5	2.3388745342469e-13
rs9358913	8	2.34295942559992e-13
rs3130364	7	2.41926166322505e-13
rs2260000	8	2.43137401318504e-13
rs2844472	8	2.43137401318504e-13
rs769449	7	2.46534495645874e-13
rs140570886	5	2.49785160686469e-13
rs2763981	8	2.50702715819498e-13
rs440454	8	2.56915988487698e-13
rs622871	8	2.57112494539022e-13
rs80292109	8	2.85546478054385e-13
rs11756657	7	3.32629561079381e-13
rs2395151	7	3.32629561079381e-13
rs2894251	7	3.32629561079381e-13
rs3094005	7	3.32629561079381e-13
rs3095233	7	3.32629561079381e-13
rs3117103	7	3.32629561079381e-13
rs3130063	7	3.32629561079381e-13
rs3130616	7	3.32629561079381e-13
rs3130923	7	3.32629561079381e-13
rs9267445	7	3.32629561079381e-13
rs10946808	8	3.45712948606796e-13
rs9358912	8	3.45712948606796e-13
rs2844475	8	3.54885170495393e-13
rs2857693	8	3.54885170495393e-13
rs2857694	8	3.54885170495393e-13
rs2857697	8	3.54885170495393e-13
rs419788	8	4.44257103175695e-13
rs437179	8	4.44257103175695e-13
rs9922619	9	4.9664814280902e-13
rs9922708	9	4.9664814280902e-13
rs9930506	9	4.9664814280902e-13
rs9930501	9	5.00066363895035e-13
rs9932754	9	5.00066363895035e-13
rs9933040	9	5.00066363895035e-13
rs10414043	7	5.03520134693581e-13
rs7256200	7	5.03520134693581e-13
rs9268813	7	5.03520134693581e-13
rs13126505	6	5.18597125341968e-13
rs2233974	7	5.34967771451986e-13
rs1264373	7	6.28295828544157e-13
rs2524266	7	6.28295828544157e-13
rs3130544	7	6.28295828544157e-13
rs3132610	7	6.28295828544157e-13
rs3132956	7	6.28295828544157e-13
rs3134796	7	6.28295828544157e-13
rs112635299	5	7.11584971110955e-13
rs2507957	8	7.32384682973291e-13
rs2736172	8	7.32384682973291e-13
rs2736178	8	7.32384682973291e-13
rs3993747	8	7.54732605515021e-13
rs2442735	7	7.58422790092403e-13
rs2523546	7	7.58422790092403e-13
rs2596430	7	7.58422790092403e-13
rs2844577	7	7.58422790092403e-13
rs2857600	7	7.58422790092403e-13
rs2905719	7	7.58422790092403e-13
rs2922994	7	7.58422790092403e-13
rs3094012	7	7.58422790092403e-13
rs3094060	7	7.58422790092403e-13
rs3094061	7	7.58422790092403e-13
rs3094627	7	7.58422790092403e-13
rs3115669	7	7.58422790092403e-13
rs3130071	7	7.58422790092403e-13
rs3130374	7	7.58422790092403e-13
rs3130375	7	7.58422790092403e-13
rs3130376	7	7.58422790092403e-13
rs3130487	7	7.58422790092403e-13
rs3132649	7	7.58422790092403e-13
rs9262143	7	7.58422790092403e-13
rs9267551	7	7.58422790092403e-13
rs9267576	7	7.58422790092403e-13
rs9267658	7	7.58422790092403e-13
rs188575117	7	7.59755058083919e-13
rs1150752	7	7.72847758637236e-13
rs1150753	7	7.72847758637236e-13
rs1150756	7	7.72847758637236e-13
rs1150757	7	7.72847758637236e-13
rs1269852	7	7.72847758637236e-13
rs3130288	7	7.72847758637236e-13
rs3130491	7	7.72847758637236e-13
rs389884	7	7.72847758637236e-13
rs431204	7	7.72847758637236e-13
rs433061	7	7.72847758637236e-13
rs497309	7	7.72847758637236e-13
rs519417	7	7.72847758637236e-13
rs915651	7	7.72847758637236e-13
rs915652	7	7.72847758637236e-13
rs3094621	7	7.93113535773255e-13
rs3132510	7	7.93113535773255e-13
rs13201681	7	8.26542896498152e-13
rs13204012	7	8.26542896498152e-13
rs13205211	7	8.26542896498152e-13
rs13213152	7	8.26542896498152e-13
rs13213986	7	8.26542896498152e-13
rs13217619	7	8.26542896498152e-13
rs2232423	7	8.26542896498152e-13
rs2232426	7	8.26542896498152e-13
rs2232429	7	8.26542896498152e-13
rs34243448	7	8.26542896498152e-13
rs34546986	7	8.26542896498152e-13
rs34871267	7	8.26542896498152e-13
rs35017208	7	8.26542896498152e-13
rs35030260	7	8.26542896498152e-13
rs35656932	7	8.26542896498152e-13
rs35883476	7	8.26542896498152e-13
rs36092177	7	8.26542896498152e-13
rs61742093	7	8.26542896498152e-13
rs67981811	7	8.26542896498152e-13
rs2921059	5	8.30727395084061e-13
rs3130682	7	8.48775842638796e-13
rs3130683	7	8.48775842638796e-13
rs13109404	6	8.61280787407977e-13
rs13127398	6	8.61280787407977e-13
rs13191038	7	8.98909189680524e-13
rs13193295	7	8.98909189680524e-13
rs13195291	7	8.98909189680524e-13
rs13197633	7	8.98909189680524e-13
rs13199649	7	8.98909189680524e-13
rs13200214	7	8.98909189680524e-13
rs13205911	7	8.98909189680524e-13
rs138234416	7	8.98909189680524e-13
rs34788973	7	8.98909189680524e-13
rs34832585	7	8.98909189680524e-13
rs35001169	7	8.98909189680524e-13
rs71559067	7	8.98909189680524e-13
rs17817288	8	8.99822536966424e-13
rs630379	8	9.21771819005958e-13
rs1264324	7	9.25294352092065e-13
rs1264347	7	9.25294352092065e-13
rs1634716	7	9.25294352092065e-13
rs1634721	7	9.25294352092065e-13
rs1634726	7	9.25294352092065e-13
rs2263298	7	9.25294352092065e-13
rs3095156	7	9.25294352092065e-13
rs3095326	7	9.25294352092065e-13
rs3129973	7	9.25294352092065e-13
rs3130050	7	9.25294352092065e-13
rs3131781	7	9.25294352092065e-13
rs553108	8	9.84042212605101e-13
rs8057044	8	1.02692856993951e-12
rs2071278	7	1.14982368398448e-12
rs2394976	7	1.14982368398448e-12
rs9265969	7	1.14982368398448e-12
rs2243873	8	1.17147973572656e-12
rs1794279	7	1.19317176559709e-12
rs1794282	7	1.19317176559709e-12
rs2227138	7	1.3485463466716e-12
rs3115668	7	1.3485463466716e-12
rs3117106	7	1.3485463466716e-12
rs3130068	7	1.3485463466716e-12
rs3131376	7	1.3485463466716e-12
rs3131377	7	1.3485463466716e-12
rs3131643	7	1.3485463466716e-12
rs3135371	7	1.3485463466716e-12
rs1625792	7	1.37403814737689e-12
rs2256747	7	1.37403814737689e-12
rs2256750	7	1.37403814737689e-12
rs2394978	7	1.37403814737689e-12
rs2394980	7	1.37403814737689e-12
rs2507998	7	1.37403814737689e-12
rs2596508	7	1.37403814737689e-12
rs2596510	7	1.37403814737689e-12
rs2844589	7	1.37403814737689e-12
rs2854010	7	1.37403814737689e-12
rs2923007	7	1.37403814737689e-12
rs3016017	7	1.37403814737689e-12
rs3129809	7	1.37403814737689e-12
rs3130285	7	1.37403814737689e-12
rs3132625	7	1.37403814737689e-12
rs3134792	7	1.37403814737689e-12
rs402175	7	1.37403814737689e-12
rs9265645	7	1.37403814737689e-12
rs9265857	7	1.37403814737689e-12
rs9265908	7	1.37403814737689e-12
rs9265937	7	1.37403814737689e-12
rs9265938	7	1.37403814737689e-12
rs9265939	7	1.37403814737689e-12
rs9265948	7	1.37403814737689e-12
rs9265964	7	1.37403814737689e-12
rs9265971	7	1.37403814737689e-12
rs9265972	7	1.37403814737689e-12
rs9265973	7	1.37403814737689e-12
rs9265974	7	1.37403814737689e-12
rs9265976	7	1.37403814737689e-12
rs9265979	7	1.37403814737689e-12
rs9265982	7	1.37403814737689e-12
rs9265985	7	1.37403814737689e-12
rs9265990	7	1.37403814737689e-12
rs9265998	7	1.37403814737689e-12
rs1800628	7	1.4395584019417e-12
rs3130612	7	1.4395584019417e-12
rs3130614	7	1.4395584019417e-12
rs4947307	7	1.4395584019417e-12
rs9273453	7	1.4395584019417e-12
rs1049633	7	1.48525108960872e-12
rs1110482	7	1.48525108960872e-12
rs1264304	7	1.48525108960872e-12
rs1264308	7	1.48525108960872e-12
rs1264310	7	1.48525108960872e-12
rs1264312	7	1.48525108960872e-12
rs1264313	7	1.48525108960872e-12
rs1264322	7	1.48525108960872e-12
rs1264325	7	1.48525108960872e-12
rs1264326	7	1.48525108960872e-12
rs1264341	7	1.48525108960872e-12
rs2517572	7	1.48525108960872e-12
rs2517578	7	1.48525108960872e-12
rs2535328	7	1.48525108960872e-12
rs2535332	7	1.48525108960872e-12
rs2535334	7	1.48525108960872e-12
rs2535340	7	1.48525108960872e-12
rs2736201	7	1.48525108960872e-12
rs2844656	7	1.48525108960872e-12
rs2844661	7	1.48525108960872e-12
rs3094088	7	1.48525108960872e-12
rs3095155	7	1.48525108960872e-12
rs3131296	7	1.48525108960872e-12
rs3132577	7	1.48525108960872e-12
rs3134942	7	1.48525108960872e-12
rs8192589	7	1.48525108960872e-12
rs886420	7	1.48525108960872e-12
rs886422	7	1.48525108960872e-12
rs11066188	8	1.56662501108373e-12
rs11066309	8	1.56662501108373e-12
rs17630235	8	1.56662501108373e-12
rs7953257	8	1.56662501108373e-12
rs1861866	8	1.8645008125955e-12
rs8047395	8	1.8645008125955e-12
rs8055197	8	1.8645008125955e-12
rs2395184	7	1.8786134254391e-12
rs4713534	7	1.8786134254391e-12
rs9262120	7	1.8786134254391e-12
rs2955578	6	1.96180916255288e-12
rs6855246	6	1.96180916255288e-12
rs2857594	7	2.04275413684859e-12
rs3095328	7	2.04275413684859e-12
rs3095332	7	2.04275413684859e-12
rs3128761	7	2.04275413684859e-12
rs3129974	7	2.04275413684859e-12
rs3130342	7	2.04275413684859e-12
rs3130668	7	2.04275413684859e-12
rs3130681	7	2.04275413684859e-12
rs3134963	7	2.04275413684859e-12
rs2844477	8	2.22457961364294e-12
rs2395160	7	2.29200429519604e-12
rs3129843	7	2.29200429519604e-12
rs3129855	7	2.29200429519604e-12
rs3129856	7	2.29200429519604e-12
rs3129950	7	2.29200429519604e-12
rs3129956	7	2.29200429519604e-12
rs7383481	7	2.29200429519604e-12
rs7763411	7	2.29200429519604e-12
rs9268208	7	2.29200429519604e-12
rs28383221	8	2.35140856150639e-12
rs28383224	8	2.35140856150639e-12
rs28383233	8	2.35140856150639e-12
rs3115674	7	2.35442443703547e-12
rs3130631	7	2.35442443703547e-12
rs9267488	7	2.35442443703547e-12
rs3093958	7	2.41305988282907e-12
rs3094013	7	2.41305988282907e-12
rs3094605	7	2.41305988282907e-12
rs3099839	7	2.41305988282907e-12
rs3128986	7	2.41305988282907e-12
rs3130907	7	2.41305988282907e-12
rs3131619	7	2.41305988282907e-12
rs3132089	7	2.41305988282907e-12
rs3132090	7	2.41305988282907e-12
rs9265994	7	2.41305988282907e-12
rs3094086	7	2.42805833750579e-12
rs3095152	7	2.42805833750579e-12
rs3095153	7	2.42805833750579e-12
rs3132580	7	2.42805833750579e-12
rs3132581	7	2.42805833750579e-12
rs1790089	5	2.42842331825763e-12
rs2051552	8	2.65455351951175e-12
rs2259571	8	2.65455351951175e-12
rs2260050	8	2.65455351951175e-12
rs3091280	8	2.65455351951175e-12
rs7765613	8	2.65455351951175e-12
rs3117109	7	2.71395607673032e-12
rs9268219	7	2.71395607673032e-12
rs3131921	7	2.74120707982214e-12
rs1634776	7	2.77110509712834e-12
rs2523607	7	2.77110509712834e-12
rs2596495	7	2.77110509712834e-12
rs3117181	7	2.77110509712834e-12
rs3117189	7	2.77110509712834e-12
rs3117578	7	2.77110509712834e-12
rs3129984	7	2.77110509712834e-12
rs3130279	7	2.77110509712834e-12
rs3130287	7	2.77110509712834e-12
rs3130625	7	2.77110509712834e-12
rs3132600	7	2.77110509712834e-12
rs3134954	7	2.77110509712834e-12
rs4990036	7	2.77110509712834e-12
rs9267807	7	2.77110509712834e-12
rs2734335	8	2.7781590150044e-12
rs3117333	6	2.90857884997564e-12
rs3117342	6	2.90857884997564e-12
rs3130825	6	2.90857884997564e-12
rs9267123	7	2.99057520363246e-12
rs780093	8	3.23456617949625e-12
rs780094	8	3.23456617949625e-12
rs1793894	7	3.32245826969262e-12
rs2517546	7	3.32245826969262e-12
rs2596570	7	3.32245826969262e-12
rs9266669	7	3.32245826969262e-12
rs1265947	7	3.4185576359456e-12
rs1270942	7	3.4185576359456e-12
rs200977	7	3.4185576359456e-12
rs2607014	7	3.4185576359456e-12
rs2736425	7	3.4185576359456e-12
rs2763980	7	3.4185576359456e-12
rs3130476	7	3.4185576359456e-12
rs3130478	7	3.4185576359456e-12
rs493161	7	3.4185576359456e-12
rs501942	7	3.4185576359456e-12
rs515688	7	3.4185576359456e-12
rs553414	7	3.4185576359456e-12
rs557042	7	3.4185576359456e-12
rs558702	7	3.4185576359456e-12
rs599707	7	3.4185576359456e-12
rs625421	7	3.4185576359456e-12
rs681331	7	3.4185576359456e-12
rs9267544	7	3.4185576359456e-12
rs9267574	7	3.4185576359456e-12
rs9267578	7	3.4185576359456e-12
rs1150754	7	3.43927828960404e-12
rs1150755	7	3.43927828960404e-12
rs1150758	7	3.43927828960404e-12
rs1265889	7	3.43927828960404e-12
rs367364	7	3.43927828960404e-12
rs369580	7	3.43927828960404e-12
rs394439	7	3.43927828960404e-12
rs2242664	8	3.61785216398879e-12
rs2242665	8	3.61785216398879e-12
rs493515	8	3.61785216398879e-12
rs571338	8	3.61785216398879e-12
rs575439	8	3.61785216398879e-12
rs575591	8	3.61785216398879e-12
rs577272	8	3.61785216398879e-12
rs644774	8	3.61785216398879e-12
rs644827	8	3.61785216398879e-12
rs660550	8	3.61785216398879e-12
rs660594	8	3.61785216398879e-12
rs1265888	7	3.68450585342237e-12
rs116667074	7	4.01546835386533e-12
rs1265754	7	4.01546835386533e-12
rs1265757	7	4.01546835386533e-12
rs1265905	7	4.01546835386533e-12
rs2395149	7	4.01546835386533e-12
rs2849018	7	4.01546835386533e-12
rs2894254	7	4.01546835386533e-12
rs3115556	7	4.01546835386533e-12
rs3129927	7	4.01546835386533e-12
rs3129966	7	4.01546835386533e-12
rs3132941	7	4.01546835386533e-12
rs3132953	7	4.01546835386533e-12
rs3132971	7	4.01546835386533e-12
rs3135394	7	4.01546835386533e-12
rs4392743	7	4.01546835386533e-12
rs7751715	7	4.01546835386533e-12
rs7775397	7	4.01546835386533e-12
rs910051	7	4.01546835386533e-12
rs926593	7	4.01546835386533e-12
rs9267986	7	4.01546835386533e-12
rs9268026	7	4.01546835386533e-12
rs9268123	7	4.01546835386533e-12
rs9268144	7	4.01546835386533e-12
rs9268152	7	4.01546835386533e-12
rs9268158	7	4.01546835386533e-12
rs9268177	7	4.01546835386533e-12
rs9268178	7	4.01546835386533e-12
rs2596544	7	4.73475628348424e-12
rs521977	8	5.41262254815969e-12
rs3132556	7	5.68084493716022e-12
rs2233980	7	5.76209612505463e-12
rs3094671	7	5.76209612505463e-12
rs3095311	7	5.76209612505463e-12
rs3130574	7	5.76209612505463e-12
rs3131788	7	5.76209612505463e-12
rs3131920	7	5.76209612505463e-12
rs3129981	7	5.8187665584521e-12
rs369637	7	5.8187665584521e-12
rs2844464	7	6.23267292380244e-12
rs3129969	7	6.23267292380244e-12
rs3129970	7	6.23267292380244e-12
rs750332	7	6.23267292380244e-12
rs760293	7	6.23267292380244e-12
rs2156874	7	6.35188600679238e-12
rs2523495	7	6.35188600679238e-12
rs2523571	7	6.35188600679238e-12
rs2523573	7	6.35188600679238e-12
rs2523584	7	6.35188600679238e-12
rs2523593	7	6.35188600679238e-12
rs2596545	7	6.35188600679238e-12
rs2596547	7	6.35188600679238e-12
rs2596565	7	6.35188600679238e-12
rs2844530	7	6.35188600679238e-12
rs2844531	7	6.35188600679238e-12
rs2853999	7	6.35188600679238e-12
rs3130477	7	6.35188600679238e-12
rs3132472	7	6.35188600679238e-12
rs3132473	7	6.35188600679238e-12
rs3134900	7	6.35188600679238e-12
rs4143332	7	6.35188600679238e-12
rs7748141	7	6.35188600679238e-12
rs9267092	7	6.35188600679238e-12
rs138753323	5	6.51390019754309e-12
rs11075987	8	6.514967723518e-12
rs7752608	7	6.90521747274148e-12
rs3135044	8	7.0477554243472e-12
rs7744304	7	7.34051902668411e-12
rs7763262	7	7.34051902668411e-12
rs2857700	7	7.52195167459546e-12
rs3130908	7	7.52195167459546e-12
rs3130909	7	7.52195167459546e-12
rs3131617	7	7.52195167459546e-12
rs3131618	7	7.52195167459546e-12
rs4143333	7	7.52195167459546e-12
rs3094669	7	7.97767442801637e-12
rs3095327	7	7.97767442801637e-12
rs3129897	7	7.97767442801637e-12
rs3130566	7	7.97767442801637e-12
rs3132566	7	7.97767442801637e-12
rs3132582	7	7.97767442801637e-12
rs6547692	8	8.1021228395645e-12
rs1619179	7	8.14997877565332e-12
rs3094222	7	8.14997877565332e-12
rs3130557	7	8.14997877565332e-12
rs3130562	7	8.14997877565332e-12
rs3130669	7	8.14997877565332e-12
rs3130985	7	8.14997877565332e-12
rs7750641	7	8.14997877565332e-12
rs3131623	7	8.41620683355197e-12
rs10852521	8	8.58385097722247e-12
rs9922047	8	8.58385097722247e-12
rs4321864	7	9.30012067046537e-12
rs1573644	7	9.34860687141656e-12
rs2596500	7	9.36336443265434e-12
rs2923008	7	9.36336443265434e-12
rs3094010	7	9.36336443265434e-12
rs3094011	7	9.36336443265434e-12
rs3094030	7	9.36336443265434e-12
rs3094031	7	9.36336443265434e-12
rs3094032	7	9.36336443265434e-12
rs3094035	7	9.36336443265434e-12
rs3094049	7	9.36336443265434e-12
rs3094050	7	9.36336443265434e-12
rs3094053	7	9.36336443265434e-12
rs3094703	7	9.36336443265434e-12
rs3096695	7	9.36336443265434e-12
rs3099843	7	9.36336443265434e-12
rs3099844	7	9.36336443265434e-12
rs3129818	7	9.36336443265434e-12
rs3129820	7	9.36336443265434e-12
rs3129821	7	9.36336443265434e-12
rs3129822	7	9.36336443265434e-12
rs3129823	7	9.36336443265434e-12
rs3130116	7	9.36336443265434e-12
rs3130123	7	9.36336443265434e-12
rs3130125	7	9.36336443265434e-12
rs3130126	7	9.36336443265434e-12
rs3130363	7	9.36336443265434e-12
rs3130370	7	9.36336443265434e-12
rs3130372	7	9.36336443265434e-12
rs3131642	7	9.36336443265434e-12
rs3132470	7	9.36336443265434e-12
rs3132630	7	9.36336443265434e-12
rs3132631	7	9.36336443265434e-12
rs3132638	7	9.36336443265434e-12
rs3134953	7	9.36336443265434e-12
rs9265949	7	9.36336443265434e-12
rs9266001	7	9.36336443265434e-12
rs13194504	7	9.62972702593181e-12
rs13211507	7	9.62972702593181e-12
rs34396849	7	9.62972702593181e-12
rs34691223	7	9.62972702593181e-12
rs34724414	7	9.62972702593181e-12
rs34878803	7	9.62972702593181e-12
rs35044849	7	9.62972702593181e-12
rs4947336	7	9.62972702593181e-12
rs67340775	7	9.62972702593181e-12
rs67998226	7	9.62972702593181e-12
rs3117427	6	1.20954085481422e-11
rs3118365	6	1.20954085481422e-11
rs3129682	6	1.20954085481422e-11
rs9257800	6	1.20954085481422e-11
rs9276689	6	1.20954085481422e-11
rs811041	7	1.23410048489963e-11
rs2523578	7	1.31377873579624e-11
rs2523582	7	1.31377873579624e-11
rs2523583	7	1.31377873579624e-11
rs1639108	7	1.33327367038209e-11
rs3095334	7	1.33327367038209e-11
rs3129977	7	1.33327367038209e-11
rs3129978	7	1.33327367038209e-11
rs3130670	7	1.33327367038209e-11
rs3130673	7	1.33327367038209e-11
rs3132541	7	1.33327367038209e-11
rs3132603	7	1.33327367038209e-11
rs429358	7	1.33327367038209e-11
rs9262200	7	1.33327367038209e-11
rs3096690	7	1.37147278965661e-11
rs3101017	7	1.37147278965661e-11
rs3101018	7	1.37147278965661e-11
rs3115671	7	1.37147278965661e-11
rs3115672	7	1.37147278965661e-11
rs3117573	7	1.37147278965661e-11
rs3117574	7	1.37147278965661e-11
rs3117575	7	1.37147278965661e-11
rs3117576	7	1.37147278965661e-11
rs3117577	7	1.37147278965661e-11
rs3117581	7	1.37147278965661e-11
rs3117582	7	1.37147278965661e-11
rs3130297	7	1.37147278965661e-11
rs3130484	7	1.37147278965661e-11
rs3130490	7	1.37147278965661e-11
rs3130679	7	1.37147278965661e-11
rs3131378	7	1.37147278965661e-11
rs3131379	7	1.37147278965661e-11
rs3131380	7	1.37147278965661e-11
rs3131381	7	1.37147278965661e-11
rs3131383	7	1.37147278965661e-11
rs3132443	7	1.37147278965661e-11
rs3132445	7	1.37147278965661e-11
rs3132449	7	1.37147278965661e-11
rs3132450	7	1.37147278965661e-11
rs6932167	7	1.37147278965661e-11
rs9267531	7	1.37147278965661e-11
rs9267539	7	1.37147278965661e-11
rs9267549	7	1.37147278965661e-11
rs505922	7	1.66556897161462e-11
rs529565	7	1.66556897161462e-11
rs35037868	6	1.72127294772947e-11
rs35715914	6	1.72127294772947e-11
rs45509595	6	1.72127294772947e-11
rs66868086	6	1.72127294772947e-11
rs35225200	6	1.74571419165318e-11
rs35518360	6	1.74571419165318e-11
rs2921064	7	1.74629527182942e-11
rs3093956	7	1.86687627483223e-11
rs35346340	7	1.90339811998611e-11
rs1894400	7	2.02621724712751e-11
rs2071410	7	2.02621724712751e-11
rs4932373	7	2.02621724712751e-11
rs7497304	7	2.02621724712751e-11
rs4151657	7	2.02757131367361e-11
rs2769071	7	2.04316481256028e-11
rs491626	7	2.04316481256028e-11
rs492488	7	2.04316481256028e-11
rs493246	7	2.04316481256028e-11
rs495203	7	2.04316481256028e-11
rs545971	7	2.04316481256028e-11
rs554833	7	2.04316481256028e-11
rs582094	7	2.04316481256028e-11
rs582118	7	2.04316481256028e-11
rs597988	7	2.04316481256028e-11
rs612169	7	2.04316481256028e-11
rs674302	7	2.04316481256028e-11
rs676457	7	2.04316481256028e-11
rs676996	7	2.04316481256028e-11
rs677355	7	2.04316481256028e-11
rs687289	7	2.04316481256028e-11
rs8176663	7	2.04316481256028e-11
rs2105902	7	2.10519090394834e-11
rs2857609	7	2.10519090394834e-11
rs2894255	7	2.10519090394834e-11
rs3129861	7	2.10519090394834e-11
rs3131010	7	2.10519090394834e-11
rs3135353	7	2.10519090394834e-11
rs622076	7	2.10519090394834e-11
rs693906	7	2.10519090394834e-11
rs75499503	7	2.30178996453138e-11
rs116312062	6	2.46725750190752e-11
rs1970	6	2.46725750190752e-11
rs200948	6	2.46725750190752e-11
rs200950	6	2.46725750190752e-11
rs200952	6	2.46725750190752e-11
rs200983	6	2.46725750190752e-11
rs2517609	6	2.46725750190752e-11
rs2523729	6	2.46725750190752e-11
rs2844777	6	2.46725750190752e-11
rs2844781	6	2.46725750190752e-11
rs3094064	6	2.46725750190752e-11
rs3094066	6	2.46725750190752e-11
rs3094075	6	2.46725750190752e-11
rs3130399	6	2.46725750190752e-11
rs3132634	6	2.46725750190752e-11
rs2911711	8	2.46981007279698e-11
rs2950835	8	2.46981007279698e-11
rs780095	8	2.46981007279698e-11
rs780096	8	2.46981007279698e-11
rs13202295	6	2.61418017818123e-11
rs3135359	7	2.62622245355263e-11
rs2524060	7	2.63457980331198e-11
rs2524129	7	2.63457980331198e-11
rs2607015	7	2.65633554254829e-11
rs2753960	7	2.65633554254829e-11
rs2736171	7	2.68699880752213e-11
rs2247056	7	2.80093536016785e-11
rs114627526	5	3.07567440536836e-11
rs115499539	5	3.07567440536836e-11
rs138910722	5	3.07567440536836e-11
rs144965899	5	3.07567440536836e-11
rs145097508	5	3.07567440536836e-11
rs148584123	5	3.07567440536836e-11
rs1573296	6	3.16009627413269e-11
rs2023473	6	3.16009627413269e-11
rs2157678	6	3.16009627413269e-11
rs2517622	6	3.16009627413269e-11
rs2844789	6	3.16009627413269e-11
rs13207809	6	3.21157232141451e-11
rs6227	7	3.26958336533801e-11
rs9266257	7	3.26958336533801e-11
rs3130968	7	3.32137501992168e-11
rs6908943	7	3.32137501992168e-11
rs560530	7	3.49065111716792e-11
rs13217620	6	3.51108841129443e-11
rs13255193	7	3.68840857858309e-11
rs1281932	7	3.92358555775502e-11
rs687621	7	4.08671250021805e-11
rs386480	7	4.39584469376066e-11
rs389883	7	4.39584469376066e-11
rs8027450	7	4.39584469376066e-11
rs8032315	7	4.39584469376066e-11
rs6605556	6	4.455691602498e-11
rs4841051	7	4.60865459286919e-11
rs6983727	7	4.60865459286919e-11
rs34578704	6	4.84486956504202e-11
rs2524054	7	4.89471765646008e-11
rs2524139	7	4.89471765646008e-11
rs2853928	7	4.89471765646008e-11
rs6457374	7	4.89471765646008e-11
rs1573643	7	4.96090511816107e-11
rs1548306	7	5.03890956395214e-11
rs2980437	7	5.42117149406208e-11
rs2980442	7	5.42117149406208e-11
rs2521501	7	5.68378378474748e-11
rs2921073	7	5.69843971109289e-11
rs2979160	7	5.69843971109289e-11
rs1233385	6	5.91944708237953e-11
rs1233393	6	5.91944708237953e-11
rs3116813	6	5.91944708237953e-11
rs3131856	6	5.91944708237953e-11
rs7752448	6	5.91944708237953e-11
rs3094228	6	6.23460599521293e-11
rs3099840	6	6.23460599521293e-11
rs28383314	7	6.28400180083199e-11
rs79920061	5	6.70852812898099e-11
rs12545499	7	6.79825910512772e-11
rs12547493	7	6.79825910512772e-11
rs2072633	7	6.79825910512772e-11
rs2428	7	6.79825910512772e-11
rs486781	7	6.79825910512772e-11
rs560544	7	6.79825910512772e-11
rs7832968	7	6.79825910512772e-11
rs1039916	7	6.97631111874619e-11
rs2979181	7	6.97631111874619e-11
rs876954	7	6.97631111874619e-11
rs1321505	6	7.15490020341889e-11
rs1541269	6	7.15490020341889e-11
rs34712084	6	7.15490020341889e-11
rs9368561	6	7.15490020341889e-11
rs9468287	6	7.15490020341889e-11
rs806794	7	7.15993313053769e-11
rs204886	7	7.28772403968879e-11
rs6937318	7	7.28772403968879e-11
rs74365910	4	7.40343229879576e-11
rs2980755	7	7.62706261509818e-11
rs514659	7	7.79176698946197e-11
rs527210	7	7.79176698946197e-11
rs3918226	5	7.79518803567047e-11
rs3104413	6	7.9862007311486e-11
rs1265945	7	8.0421443051153e-11
rs535586	7	8.0421443051153e-11
rs570263	7	8.0421443051153e-11
rs589428	7	8.0421443051153e-11
rs605203	7	8.0421443051153e-11
rs659445	7	8.0421443051153e-11
rs3095276	6	8.40609260146312e-11
rs9262130	6	8.40609260146312e-11
rs3131783	6	8.41873354843766e-11
rs1184498	4	8.4725979022673e-11
rs7756177	4	8.4725979022673e-11
rs78408340	4	8.4725979022673e-11
rs16891727	6	8.54279210606279e-11
rs3115631	6	8.54279210606279e-11
rs6900665	6	8.54279210606279e-11
rs9348721	6	8.54279210606279e-11
rs200490	6	8.73422444255711e-11
rs200953	6	8.73422444255711e-11
rs200954	6	8.73422444255711e-11
rs200981	6	8.73422444255711e-11
rs200990	6	8.73422444255711e-11
rs2517601	6	8.73422444255711e-11
rs34295134	6	8.73422444255711e-11
rs1054684	6	9.04847403727895e-11
rs13198809	6	9.04847403727895e-11
rs13214023	6	9.04847403727895e-11
rs3118361	6	9.04847403727895e-11
rs3131071	6	9.04847403727895e-11
rs35353359	6	9.04847403727895e-11
rs67381177	6	9.04847403727895e-11
rs9271365	7	9.07581031656253e-11
rs1059612	6	9.25645684803039e-11
rs138394556	6	9.25645684803039e-11
rs3094024	6	9.25645684803039e-11
rs3130117	6	9.25645684803039e-11
rs3130247	6	9.25645684803039e-11
rs3130283	6	9.25645684803039e-11
rs9262126	6	9.25645684803039e-11
rs9262135	6	9.25645684803039e-11
rs9262141	6	9.25645684803039e-11
rs9262142	6	9.25645684803039e-11
rs9262146	6	9.25645684803039e-11
rs34676049	6	9.72260064534262e-11
rs35016036	6	9.72260064534262e-11
rs35744819	6	9.72260064534262e-11
rs55690788	6	9.72260064534262e-11
rs586346	7	9.9288844921814e-11
rs7831557	7	1.00979209613045e-10
rs486416	7	1.07620568022944e-10
rs1391371	6	1.09952915877052e-10
rs9272461	6	1.09952915877052e-10
rs330049	7	1.14457084161667e-10
rs330058	7	1.14457084161667e-10
rs3130303	6	1.2003716827637e-10
rs3134924	6	1.2003716827637e-10
rs3134925	6	1.2003716827637e-10
rs6918888	6	1.2003716827637e-10
rs4665987	6	1.23536323642288e-10
rs1260326	8	1.25298674868395e-10
rs4665972	8	1.25298674868395e-10
rs9275602	6	1.28735929237607e-10
rs11249893	7	1.33954517489645e-10
rs2921071	7	1.33954517489645e-10
rs886425	6	1.37590152833193e-10
rs3094693	6	1.39813726761248e-10
rs3130129	6	1.39813726761248e-10
rs3130141	6	1.39813726761248e-10
rs3131111	6	1.39813726761248e-10
rs3132615	6	1.39813726761248e-10
rs3132617	6	1.39813726761248e-10
rs3132645	6	1.39813726761248e-10
rs3116815	6	1.39873890313194e-10
rs3117141	6	1.39873890313194e-10
rs3117145	6	1.39873890313194e-10
rs3117146	6	1.39873890313194e-10
rs3129112	6	1.39873890313194e-10
rs3129173	6	1.39873890313194e-10
rs3129791	6	1.39873890313194e-10
rs3129794	6	1.39873890313194e-10
rs3129798	6	1.39873890313194e-10
rs3129800	6	1.39873890313194e-10
rs3130746	6	1.39873890313194e-10
rs3130747	6	1.39873890313194e-10
rs3130773	6	1.39873890313194e-10
rs3130887	6	1.39873890313194e-10
rs3130888	6	1.39873890313194e-10
rs3130893	6	1.39873890313194e-10
rs3130894	6	1.39873890313194e-10
rs3130896	6	1.39873890313194e-10
rs3131081	6	1.39873890313194e-10
rs3132388	6	1.39873890313194e-10
rs3135317	6	1.39873890313194e-10
rs4947258	6	1.39873890313194e-10
rs4947349	6	1.39873890313194e-10
rs719655	6	1.39873890313194e-10
rs7762279	6	1.39873890313194e-10
rs9276625	6	1.39873890313194e-10
rs9276688	6	1.39873890313194e-10
rs9276691	6	1.39873890313194e-10
rs9276700	6	1.39873890313194e-10
rs9276731	6	1.39873890313194e-10
rs9276772	6	1.39873890313194e-10
rs4420638	6	1.40758193714514e-10
rs4601112	6	1.40758193714514e-10
rs3132685	6	1.45501919081999e-10
rs34291045	6	1.45501919081999e-10
rs9366717	6	1.49446635046638e-10
rs9393908	6	1.49446635046638e-10
rs186696265	4	1.50622460209897e-10
rs2524137	7	1.53877115706429e-10
rs2524142	7	1.53877115706429e-10
rs2524143	7	1.53877115706429e-10
rs1041885	6	1.54213928944169e-10
rs1051336	6	1.54213928944169e-10
rs1131541	6	1.54213928944169e-10
rs2239806	6	1.54213928944169e-10
rs3129884	6	1.54213928944169e-10
rs3129885	6	1.54213928944169e-10
rs9268560	7	1.56022132672756e-10
rs28880026	6	1.57930355632582e-10
rs13256554	7	1.58305476862635e-10
rs2271342	7	1.58305476862635e-10
rs35181953	7	1.58305476862635e-10
rs4481596	7	1.58305476862635e-10
rs907183	7	1.62144851705927e-10
rs1612904	7	1.69336586124384e-10
rs3129721	7	1.69336586124384e-10
rs9275596	7	1.69336586124384e-10
rs78378222	4	1.69479897002669e-10
rs2853951	7	1.70731502470866e-10
rs2844452	7	1.87251842772319e-10
rs11249891	7	1.91330890119735e-10
rs200992	6	1.95370346113195e-10
rs3094036	6	1.95370346113195e-10
rs3094056	6	1.95370346113195e-10
rs3094057	6	1.95370346113195e-10
rs3094058	6	1.95370346113195e-10
rs3094059	6	1.95370346113195e-10
rs3094620	6	1.95370346113195e-10
rs3094624	6	1.95370346113195e-10
rs3094625	6	1.95370346113195e-10
rs3094704	6	1.95370346113195e-10
rs3094712	6	1.95370346113195e-10
rs3129810	6	1.95370346113195e-10
rs3129815	6	1.95370346113195e-10
rs3130350	6	1.95370346113195e-10
rs3130351	6	1.95370346113195e-10
rs3130352	6	1.95370346113195e-10
rs3130353	6	1.95370346113195e-10
rs3130356	6	1.95370346113195e-10
rs3130365	6	1.95370346113195e-10
rs3130377	6	1.95370346113195e-10
rs3132647	6	1.95370346113195e-10
rs3132648	6	1.95370346113195e-10
rs3094125	6	1.96325513242872e-10
rs3130658	6	1.96325513242872e-10
rs3130660	6	1.96325513242872e-10
rs3130661	6	1.96325513242872e-10
rs3132583	6	1.96325513242872e-10
rs3132585	6	1.96325513242872e-10
rs2921096	7	1.99101660941114e-10
rs12544992	7	2.03177353103713e-10
rs2048419	7	2.03177353103713e-10
rs2921077	7	2.03177353103713e-10
rs4841040	7	2.03177353103713e-10
rs12682352	7	2.04203622279849e-10
rs609958	7	2.04203622279849e-10
rs7826238	7	2.06765357263539e-10
rs2945232	7	2.0760215825515e-10
rs2980439	7	2.0760215825515e-10
rs1915986	7	2.08463989016982e-10
rs2945250	7	2.08463989016982e-10
rs2945253	7	2.08463989016982e-10
rs2945269	7	2.08463989016982e-10
rs2980438	7	2.08463989016982e-10
rs2980441	7	2.08463989016982e-10
rs9275109	7	2.08699367978934e-10
rs9295128	4	2.16299328044299e-10
rs1235162	6	2.16658982956652e-10
rs9258375	6	2.16658982956652e-10
rs9257566	6	2.21699969913071e-10
rs7775835	6	2.26417775297382e-10
rs1264350	6	2.27621881382422e-10
rs6901158	6	2.27621881382422e-10
rs1311911	6	2.35194651606605e-10
rs2523443	6	2.35194651606605e-10
rs3117439	6	2.35194651606605e-10
rs389419	6	2.35194651606605e-10
rs408623	6	2.35194651606605e-10
rs413670	6	2.35194651606605e-10
rs6456835	6	2.35194651606605e-10
rs6908726	6	2.35194651606605e-10
rs9393926	6	2.35194651606605e-10
rs9393929	6	2.35194651606605e-10
rs35395738	6	2.46485142076168e-10
rs1233493	6	2.50377533005262e-10
rs1233494	6	2.50377533005262e-10
rs2023463	6	2.50377533005262e-10
rs2206853	6	2.50377533005262e-10
rs2746149	6	2.50377533005262e-10
rs3117425	6	2.50377533005262e-10
rs3132390	6	2.50377533005262e-10
rs404240	6	2.50377533005262e-10
rs9273325	6	2.52527944854358e-10
rs1233579	6	2.59826915540349e-10
rs1233580	6	2.59826915540349e-10
rs1233581	6	2.59826915540349e-10
rs1233583	6	2.59826915540349e-10
rs1233588	6	2.59826915540349e-10
rs1233593	6	2.59826915540349e-10
rs1233594	6	2.59826915540349e-10
rs1233599	6	2.59826915540349e-10
rs1233600	6	2.59826915540349e-10
rs1233604	6	2.59826915540349e-10
rs1233609	6	2.59826915540349e-10
rs1233610	6	2.59826915540349e-10
rs1233611	6	2.59826915540349e-10
rs1233612	6	2.59826915540349e-10
rs1233618	6	2.59826915540349e-10
rs1233619	6	2.59826915540349e-10
rs1233620	6	2.59826915540349e-10
rs1233623	6	2.59826915540349e-10
rs1233624	6	2.59826915540349e-10
rs1238262	6	2.59826915540349e-10
rs1311912	6	2.59826915540349e-10
rs1311913	6	2.59826915540349e-10
rs1311914	6	2.59826915540349e-10
rs1311917	6	2.59826915540349e-10
rs1311918	6	2.59826915540349e-10
rs13217472	6	2.59826915540349e-10
rs1742743	6	2.59826915540349e-10
rs3118359	6	2.59826915540349e-10
rs3118368	6	2.59826915540349e-10
rs3131341	6	2.59826915540349e-10
rs3131345	6	2.59826915540349e-10
rs3132387	6	2.59826915540349e-10
rs3132394	6	2.59826915540349e-10
rs3135296	6	2.59826915540349e-10
rs35243068	6	2.59826915540349e-10
rs4713177	6	2.59826915540349e-10
rs9257133	6	2.59826915540349e-10
rs9257136	6	2.59826915540349e-10
rs9257137	6	2.59826915540349e-10
rs9257140	6	2.59826915540349e-10
rs9257167	6	2.59826915540349e-10
rs1313996	7	2.60116237424015e-10
rs115879259	6	2.72067020691301e-10
rs332040	7	2.79809325732324e-10
rs410851	7	2.90293637695833e-10
rs2253491	6	2.91662960133567e-10
rs9739070	6	2.91662960133567e-10
rs1463877	6	2.92054026952437e-10
rs1633005	6	2.92054026952437e-10
rs579459	6	2.92054026952437e-10
rs600038	6	2.92054026952437e-10
rs641760	6	2.92054026952437e-10
rs649129	6	2.92054026952437e-10
rs883263	6	2.92054026952437e-10
rs9258381	6	2.92054026952437e-10
rs937564	6	2.92054026952437e-10
rs2572398	7	2.92337921510616e-10
rs3021302	6	2.97712315292187e-10
rs3095338	6	2.97712315292187e-10
rs9262174	6	2.97712315292187e-10
rs1264705	6	3.05067657674549e-10
rs1264706	6	3.05067657674549e-10
rs2523978	6	3.05067657674549e-10
rs3094146	6	3.05067657674549e-10
rs8321	6	3.05067657674549e-10
rs9261290	6	3.05067657674549e-10
rs2858863	6	3.10446738148106e-10
rs3132451	6	3.10446738148106e-10
rs12677543	7	3.16026314808777e-10
rs2409798	7	3.16026314808777e-10
rs2409799	7	3.16026314808777e-10
rs2898290	7	3.16026314808777e-10
rs35558344	7	3.16026314808777e-10
rs7464263	7	3.16026314808777e-10
rs7642934	7	3.16026314808777e-10
rs7758465	6	3.33345558084622e-10
rs805293	7	3.40186727884194e-10
rs13270194	7	3.41294514415602e-10
rs2929308	7	3.41294514415602e-10
rs2929451	7	3.41294514415602e-10
rs3130482	7	3.41294514415602e-10
rs3132442	7	3.41294514415602e-10
rs6601703	7	3.41294514415602e-10
rs6995407	7	3.41294514415602e-10
rs7817376	7	3.41294514415602e-10
rs7823056	7	3.41294514415602e-10
rs7827182	7	3.41294514415602e-10
rs7837587	7	3.41294514415602e-10
rs3131337	6	3.5012180190883e-10
rs115740542	5	3.53273055440172e-10
rs2979172	7	3.62815135072963e-10
rs3020644	7	3.65540911569995e-10
rs1894692	4	3.66735901837125e-10
rs2678166	4	3.66735901837125e-10
rs1209731	4	3.72588358317363e-10
rs144737447	4	3.72588358317363e-10
rs2227246	4	3.72588358317363e-10
rs6025	4	3.72588358317363e-10
rs6904320	6	3.78051094185127e-10
rs2596487	6	3.78086084008451e-10
rs2857702	6	3.78086084008451e-10
rs495828	6	3.78086084008451e-10
rs9272417	6	3.78086084008451e-10
rs510205	6	3.91296570403498e-10
rs521539	6	3.91296570403498e-10
rs660895	6	3.91296570403498e-10
rs1055384	6	3.95768777467892e-10
rs3093975	6	3.95768777467892e-10
rs3093988	6	3.95768777467892e-10
rs3094014	6	3.95768777467892e-10
rs3128987	6	3.95768777467892e-10
rs3131620	6	3.95768777467892e-10
rs116522341	4	4.02607827795259e-10
rs62621197	4	4.02607827795259e-10
rs678770	6	4.03151074044371e-10
rs9379829	6	4.03151074044371e-10
rs7826654	7	4.07343997801129e-10
rs7826660	7	4.07343997801129e-10
rs2293751	7	4.12856739622872e-10
rs2948308	7	4.12856739622872e-10
rs592229	7	4.22761924509576e-10
rs7428430	7	4.22761924509576e-10
rs1419664	6	4.23373493114373e-10
rs1634714	6	4.23373493114373e-10
rs169504	6	4.23373493114373e-10
rs3132579	6	4.23373493114373e-10
rs34141382	6	4.23373493114373e-10
rs9271690	6	4.23373493114373e-10
rs9358909	6	4.32263975328209e-10
rs111267152	5	4.59349231234105e-10
rs111269340	5	4.59349231234105e-10
rs112887356	5	4.59349231234105e-10
rs114595701	5	4.59349231234105e-10
rs7267618	5	4.59349231234105e-10
rs77044088	5	4.59349231234105e-10
rs79328254	5	4.59349231234105e-10
rs8116295	5	4.59349231234105e-10
rs10885	6	4.71171752496043e-10
rs11229	6	4.71171752496043e-10
rs2242656	6	4.71171752496043e-10
rs2736157	6	4.71171752496043e-10
rs3095089	6	4.71171752496043e-10
rs3115663	6	4.71171752496043e-10
rs3115664	6	4.71171752496043e-10
rs3115665	6	4.71171752496043e-10
rs3117579	6	4.71171752496043e-10
rs3117580	6	4.71171752496043e-10
rs3117583	6	4.71171752496043e-10
rs3130046	6	4.71171752496043e-10
rs3130047	6	4.71171752496043e-10
rs3130070	6	4.71171752496043e-10
rs3130618	6	4.71171752496043e-10
rs3130621	6	4.71171752496043e-10
rs3130622	6	4.71171752496043e-10
rs3130624	6	4.71171752496043e-10
rs3130626	6	4.71171752496043e-10
rs3130627	6	4.71171752496043e-10
rs3130628	6	4.71171752496043e-10
rs34965214	6	4.71171752496043e-10
rs35117964	6	4.71171752496043e-10
rs9272785	6	4.71171752496043e-10
rs2844790	6	4.76933345512545e-10
rs9380069	6	4.76933345512545e-10
rs41302867	5	4.85817375357125e-10
rs9257681	5	4.85817375357125e-10
rs9467713	5	4.85817375357125e-10
rs11961853	6	5.10077566969614e-10
rs2006174	6	5.10077566969614e-10
rs2395168	6	5.10077566969614e-10
rs3129841	6	5.10077566969614e-10
rs3135345	6	5.10077566969614e-10
rs3135351	6	5.10077566969614e-10
rs3135358	6	5.10077566969614e-10
rs763035	6	5.10077566969614e-10
rs9268531	6	5.10077566969614e-10
rs9268532	6	5.10077566969614e-10
rs9268362	6	5.11183502311541e-10
rs3094054	6	5.18415794971653e-10
rs3131283	6	5.18415794971653e-10
rs3132940	6	5.18415794971653e-10
rs34864993	6	5.18415794971653e-10
rs35212793	6	5.18415794971653e-10
rs35769282	6	5.18415794971653e-10
rs36022097	6	5.18415794971653e-10
rs56874662	6	5.18415794971653e-10
rs57713596	6	5.18415794971653e-10
rs9717913	6	5.18415794971653e-10
rs13195401	5	5.24709765152703e-10
rs13220495	5	5.24709765152703e-10
rs41266839	5	5.24709765152703e-10
rs61743785	5	5.24709765152703e-10
rs75542178	5	5.24709765152703e-10
rs75782365	5	5.24709765152703e-10
rs2979241	7	5.27346283002834e-10
rs1233478	6	5.50883709217388e-10
rs1233488	6	5.5682981614806e-10
rs1233489	6	5.5682981614806e-10
rs1233491	6	5.5682981614806e-10
rs1234844	6	5.5682981614806e-10
rs2143668	6	5.5682981614806e-10
rs2523431	6	5.5682981614806e-10
rs2746150	6	5.5682981614806e-10
rs3116829	6	5.5682981614806e-10
rs3129120	6	5.5682981614806e-10
rs3130725	6	5.5682981614806e-10
rs3130808	6	5.5682981614806e-10
rs3130828	6	5.5682981614806e-10
rs442694	6	5.5682981614806e-10
rs4947263	6	5.5682981614806e-10
rs9257611	6	5.5682981614806e-10
rs2040445	4	5.70410644934259e-10
rs9267573	5	5.79540217037819e-10
rs9461762	6	5.87791893155459e-10
rs35741362	6	5.99125725528645e-10
rs144861591	5	6.00290804345054e-10
rs1800562	5	6.00290804345054e-10
rs79220007	5	6.00290804345054e-10
rs145163454	4	6.53212842919363e-10
rs2844458	6	6.57855205375924e-10
rs2844459	6	6.57855205375924e-10
rs2844642	6	6.59580315496124e-10
rs3095340	6	6.59580315496124e-10
rs3135356	6	6.59580315496124e-10
rs34553045	6	6.59580315496124e-10
rs2409797	7	6.98884208593431e-10
rs7206790	7	6.98884208593431e-10
rs56367294	6	7.18428565181805e-10
rs1044506	6	7.2260728711899e-10
rs3094717	6	7.2260728711899e-10
rs3131112	6	7.2260728711899e-10
rs3131294	6	7.2260728711899e-10
rs3132616	6	7.2260728711899e-10
rs3132946	6	7.2260728711899e-10
rs17612852	6	7.23643766420434e-10
rs13199772	6	7.40162359462139e-10
rs13199906	6	7.40162359462139e-10
rs13210634	6	7.40162359462139e-10
rs144969912	6	7.40162359462139e-10
rs17695758	6	7.40162359462139e-10
rs614549	6	7.56278809737289e-10
rs12478841	6	7.84094914822404e-10
rs1628680	6	7.85558113900962e-10
rs2239805	6	7.85558113900962e-10
rs3094084	6	7.85558113900962e-10
rs3094604	6	7.85558113900962e-10
rs35371668	6	7.85558113900962e-10
rs6925852	6	7.85558113900962e-10
rs7760841	6	7.85558113900962e-10
rs9268636	6	7.85558113900962e-10
rs2572397	7	8.56340996933325e-10
rs2976940	7	8.56340996933325e-10
rs4382480	7	8.56340996933325e-10
rs1816893	6	8.8313414618567e-10
rs204883	6	8.8313414618567e-10
rs2163379	6	8.8313414618567e-10
rs28570522	6	8.8313414618567e-10
rs4711286	6	8.8313414618567e-10
rs2272593	6	9.1520485657197e-10
rs2857597	6	9.1520485657197e-10
rs13195402	5	9.40288500051456e-10
rs13207082	5	9.40288500051456e-10
rs13207689	5	9.40288500051456e-10
rs35565446	5	9.40288500051456e-10
rs35768595	5	9.40288500051456e-10
rs67859638	5	9.40288500051456e-10
rs72839477	5	9.40288500051456e-10
rs3131934	6	9.51467790735776e-10
rs6857	6	9.51467790735776e-10
rs10744147	6	9.56622069048209e-10
rs1260316	6	9.56622069048209e-10
rs12821431	6	9.56622069048209e-10
rs1617434	6	9.56622069048209e-10
rs71444571	6	9.56622069048209e-10
rs7306755	6	9.56622069048209e-10
rs3094118	6	9.77782660531377e-10
rs3095333	6	9.77782660531377e-10
rs3129980	6	9.77782660531377e-10
rs3129982	6	9.77782660531377e-10
rs3129983	6	9.77782660531377e-10
rs3129985	6	9.77782660531377e-10
rs3130641	6	9.77782660531377e-10
rs3131041	6	9.77782660531377e-10
rs3131044	6	9.77782660531377e-10
rs3131045	6	9.77782660531377e-10
rs3131047	6	9.77782660531377e-10
rs3131048	6	9.77782660531377e-10
rs3131049	6	9.77782660531377e-10
rs3131050	6	9.77782660531377e-10
rs3131052	6	9.77782660531377e-10
rs3131054	6	9.77782660531377e-10
rs3131055	6	9.77782660531377e-10
rs3131058	6	9.77782660531377e-10
rs3131060	6	9.77782660531377e-10
rs3132599	6	9.77782660531377e-10
rs3132605	6	9.77782660531377e-10
rs9262203	6	9.77782660531377e-10
rs9262204	6	9.77782660531377e-10
rs13198716	5	9.78814372722451e-10
rs13201782	5	9.78814372722451e-10
rs34196306	5	9.78814372722451e-10
rs35400317	5	9.78814372722451e-10
rs45527431	5	9.78814372722451e-10
rs55834529	5	9.78814372722451e-10
rs56114371	5	9.78814372722451e-10
rs57440165	5	9.78814372722451e-10
rs66462181	5	9.78814372722451e-10
rs66488313	5	9.78814372722451e-10
rs66975207	5	9.78814372722451e-10
rs67092078	5	9.78814372722451e-10
rs67777156	5	9.78814372722451e-10
rs72839445	5	9.78814372722451e-10
rs72843784	5	9.78814372722451e-10
rs2280774	6	9.81394197843139e-10
rs9272058	6	9.88928765620279e-10
rs11158	6	1.00170430466173e-09
rs2106072	6	1.00170430466173e-09
rs2517617	6	1.00170430466173e-09
rs2523712	6	1.00170430466173e-09
rs3094067	6	1.00170430466173e-09
rs3094069	6	1.00170430466173e-09
rs3094078	6	1.00170430466173e-09
rs3094628	6	1.00170430466173e-09
rs3129812	6	1.00170430466173e-09
rs3129830	6	1.00170430466173e-09
rs3130380	6	1.00170430466173e-09
rs3132619	6	1.00170430466173e-09
rs3132627	6	1.00170430466173e-09
rs9257793	6	1.00170430466173e-09
rs114100895	4	1.03552891916094e-09
rs114224598	4	1.03552891916094e-09
rs114463114	4	1.03552891916094e-09
rs113322920	6	1.04895466341405e-09
rs3135365	6	1.04895466341405e-09
rs539509361	6	1.04895466341405e-09
rs9272326	6	1.04895466341405e-09
rs9272560	6	1.04895466341405e-09
rs9273016	6	1.04895466341405e-09
rs11250093	6	1.05879644114029e-09
rs2409764	6	1.05879644114029e-09
rs35496345	6	1.05879644114029e-09
rs7005884	6	1.05879644114029e-09
rs592362	6	1.07276275337623e-09
rs602875	6	1.07276275337623e-09
rs617058	6	1.07276275337623e-09
rs642093	6	1.07276275337623e-09
rs7760731	6	1.07276275337623e-09
rs9270752	6	1.07276275337623e-09
rs9271342	6	1.07276275337623e-09
rs3130481	7	1.08300408319092e-09
rs11649091	7	1.09231716043558e-09
rs6753534	7	1.09231716043558e-09
rs1260333	7	1.09813310884016e-09
rs1260334	7	1.09813310884016e-09
rs1313566	7	1.09813310884016e-09
rs3135003	6	1.11718605948947e-09
rs6929398	6	1.11718605948947e-09
rs74291249	6	1.11718605948947e-09
rs9271613	6	1.11718605948947e-09
rs9271626	6	1.11718605948947e-09
rs9271790	6	1.11718605948947e-09
rs9271895	6	1.11718605948947e-09
rs9272060	6	1.11718605948947e-09
rs149142151	4	1.12612536053028e-09
rs1281931	5	1.12828374162033e-09
rs1106240	6	1.14176344695579e-09
rs1264709	6	1.14176344695579e-09
rs1264714	6	1.14176344695579e-09
rs1264807	6	1.14176344695579e-09
rs1632926	6	1.14176344695579e-09
rs1727313	6	1.14176344695579e-09
rs1727317	6	1.14176344695579e-09
rs2523761	6	1.14176344695579e-09
rs259926	6	1.14176344695579e-09
rs3129012	6	1.14176344695579e-09
rs356959	6	1.14176344695579e-09
rs356971	6	1.14176344695579e-09
rs1270594	6	1.1527975637819e-09
rs1727322	6	1.1527975637819e-09
rs1727324	6	1.1527975637819e-09
rs1790097	6	1.1527975637819e-09
rs1790120	6	1.1527975637819e-09
rs2682433	6	1.1527975637819e-09
rs2695476	6	1.1527975637819e-09
rs2695478	6	1.1527975637819e-09
rs2695479	6	1.1527975637819e-09
rs2695480	6	1.1527975637819e-09
rs2851435	6	1.1527975637819e-09
rs36096565	6	1.1527975637819e-09
rs9261259	6	1.1527975637819e-09
rs9273217	6	1.18286344771171e-09
rs28361060	6	1.19347373499672e-09
rs522254	6	1.19347373499672e-09
rs6910071	6	1.19347373499672e-09
rs9268145	6	1.19347373499672e-09
rs10105377	6	1.23174784953441e-09
rs1039915	6	1.23174784953441e-09
rs11775523	6	1.23174784953441e-09
rs17780806	6	1.23174784953441e-09
rs2409092	6	1.23174784953441e-09
rs3774749	6	1.23174784953441e-09
rs3774750	6	1.23174784953441e-09
rs57312668	6	1.23174784953441e-09
rs882462	6	1.23174784953441e-09
rs2507954	6	1.27264344393729e-09
rs1345230	6	1.30416465481065e-09
rs1632855	6	1.30416465481065e-09
rs1632864	6	1.30416465481065e-09
rs1894552	6	1.30416465481065e-09
rs2105903	6	1.30416465481065e-09
rs2535296	6	1.30416465481065e-09
rs3135393	6	1.30416465481065e-09
rs550057	6	1.30569918031887e-09
rs4496841	6	1.31527108260407e-09
rs6941112	6	1.31527108260407e-09
rs145568234	4	1.31996588693187e-09
rs150254595	6	1.32016771012819e-09
rs3117433	6	1.32016771012819e-09
rs3129683	6	1.32016771012819e-09
rs3130805	6	1.32016771012819e-09
rs3891174	6	1.32016771012819e-09
rs7745768	6	1.32016771012819e-09
rs9257761	6	1.32016771012819e-09
rs9257779	6	1.32016771012819e-09
rs602457	6	1.33901085883243e-09
rs6015445	5	1.36340814204167e-09
rs6026710	5	1.36340814204167e-09
rs73306821	5	1.36340814204167e-09
rs74585165	5	1.36340814204167e-09
rs75777337	5	1.36340814204167e-09
rs76116098	5	1.36340814204167e-09
rs77168628	5	1.36340814204167e-09
rs78972704	5	1.36340814204167e-09
rs80154324	5	1.36340814204167e-09
rs80225530	5	1.36340814204167e-09
rs753012	6	1.40650771911767e-09
rs1264353	6	1.44535039325632e-09
rs1264356	6	1.44535039325632e-09
rs1264361	6	1.44535039325632e-09
rs886424	6	1.44535039325632e-09
rs9411378	6	1.5279479037422e-09
rs72834694	6	1.56007926597769e-09
rs1150748	6	1.56616918735773e-09
rs2075800	6	1.56616918735773e-09
rs13212985	5	1.59131338788256e-09
rs34569761	5	1.59131338788256e-09
rs34781270	5	1.59131338788256e-09
rs35076545	5	1.59131338788256e-09
rs431611	5	1.59131338788256e-09
rs6902389	5	1.59131338788256e-09
rs6902392	5	1.59131338788256e-09
rs6903015	5	1.59131338788256e-09
rs6908156	5	1.59131338788256e-09
rs6923139	5	1.59131338788256e-09
rs6939978	5	1.59131338788256e-09
rs9467701	5	1.59131338788256e-09
rs9467707	5	1.59131338788256e-09
rs9467708	5	1.59131338788256e-09
rs2524074	6	1.61707770987781e-09
rs2844611	6	1.61707770987781e-09
rs2844612	6	1.61707770987781e-09
rs2853944	6	1.61707770987781e-09
rs4932372	6	1.61707770987781e-09
rs7166599	6	1.61707770987781e-09
rs28366314	6	1.61807990023751e-09
rs2734325	6	1.6559864265911e-09
rs9268833	6	1.6559864265911e-09
rs9268834	6	1.6559864265911e-09
rs9268835	6	1.6559864265911e-09
rs9268838	6	1.6559864265911e-09
rs2736428	6	1.68163860788892e-09
rs17149727	6	1.68765607530411e-09
rs1521	6	1.7463823016681e-09
rs1523	6	1.7463823016681e-09
rs2507979	6	1.7463823016681e-09
rs2596568	6	1.7463823016681e-09
rs2596569	6	1.7463823016681e-09
rs2844533	6	1.7463823016681e-09
rs3094596	6	1.7463823016681e-09
rs3094597	6	1.7463823016681e-09
rs3099850	6	1.7463823016681e-09
rs9266682	6	1.7463823016681e-09
rs9266683	6	1.7463823016681e-09
rs9266692	6	1.7463823016681e-09
rs9266705	6	1.7463823016681e-09
rs10092662	6	1.78090051755154e-09
rs1478894	6	1.78090051755154e-09
rs3104415	6	1.78717831092083e-09
rs9266043	6	1.78717831092083e-09
rs9268812	6	1.78717831092083e-09
rs2072632	6	1.84530946455524e-09
rs10456362	5	1.93648947708687e-09
rs10917151	5	1.93648947708687e-09
rs111911331	5	1.93648947708687e-09
rs2844791	5	1.93648947708687e-09
rs7412010	5	1.93648947708687e-09
rs12386974	6	1.99892571457586e-09
rs35499486	6	1.99892571457586e-09
rs4841669	6	1.99892571457586e-09
rs6601599	6	1.99892571457586e-09
rs7005904	6	1.99892571457586e-09
rs7010590	6	1.99892571457586e-09
rs7843470	6	1.99892571457586e-09
rs7843666	6	1.99892571457586e-09
rs9657519	6	1.99892571457586e-09
rs3094694	6	2.05955727810239e-09
rs3130623	6	2.05955727810239e-09
rs13002853	6	2.10165128106508e-09
rs3117123	6	2.10165128106508e-09
rs3117126	6	2.10165128106508e-09
rs3117127	6	2.10165128106508e-09
rs3117129	6	2.10165128106508e-09
rs3117132	6	2.10165128106508e-09
rs3117133	6	2.10165128106508e-09
rs3129903	6	2.10165128106508e-09
rs34502053	6	2.10165128106508e-09
rs3749147	6	2.10165128106508e-09
rs7383144	6	2.10165128106508e-09
rs910049	6	2.10165128106508e-09
rs9268268	6	2.10165128106508e-09
rs11717463	6	2.10643662234685e-09
rs1799843	6	2.10643662234685e-09
rs1799845	6	2.10643662234685e-09
rs2234385	6	2.10643662234685e-09
rs2276864	6	2.10643662234685e-09
rs2352975	6	2.10643662234685e-09
rs34522271	6	2.10643662234685e-09
rs35210174	6	2.10643662234685e-09
rs7431078	6	2.10643662234685e-09
rs12464616	6	2.12180002606464e-09
rs12467476	6	2.12180002606464e-09
rs12987055	6	2.12180002606464e-09
rs2384656	6	2.12180002606464e-09
rs35848276	5	2.13453441410387e-09
rs1980493	6	2.13494818754646e-09
rs2395158	6	2.13494818754646e-09
rs3094087	6	2.13494818754646e-09
rs3117097	6	2.13494818754646e-09
rs3129953	6	2.13494818754646e-09
rs3129959	6	2.13494818754646e-09
rs3130782	6	2.13494818754646e-09
rs185819	6	2.13969910329802e-09
rs2948286	6	2.13969910329802e-09
rs34741518	6	2.13969910329802e-09
rs7013471	6	2.13969910329802e-09
rs1057387	4	2.20419060349599e-09
rs114170382	4	2.20419060349599e-09
rs114607072	4	2.20419060349599e-09
rs116081995	4	2.20419060349599e-09
rs116339333	4	2.20419060349599e-09
rs116419909	4	2.20419060349599e-09
rs138099588	4	2.20419060349599e-09
rs138117378	4	2.20419060349599e-09
rs138130755	4	2.20419060349599e-09
rs140810304	4	2.20419060349599e-09
rs148792134	4	2.20419060349599e-09
rs41543314	4	2.20419060349599e-09
rs41545120	4	2.20419060349599e-09
rs41558312	4	2.20419060349599e-09
rs3997868	6	2.22769274998164e-09
rs9275273	6	2.26105025069828e-09
rs1005598	6	2.33522189812053e-09
rs10107145	6	2.33522189812053e-09
rs1634791	6	2.33522189812053e-09
rs6984496	6	2.33522189812053e-09
rs7844536	6	2.33522189812053e-09
rs10100265	6	2.34674193869819e-09
rs2647251	6	2.34674193869819e-09
rs2647257	6	2.34674193869819e-09
rs2726491	6	2.34674193869819e-09
rs62331159	6	2.34674193869819e-09
rs62332760	6	2.34674193869819e-09
rs6855629	6	2.34674193869819e-09
rs28732167	4	2.41453470513211e-09
rs35989721	4	2.41453470513211e-09
rs10903328	6	2.42002288699386e-09
rs34338	6	2.42002288699386e-09
rs410671	6	2.42002288699386e-09
rs4452832	6	2.42002288699386e-09
rs2068834	6	2.47625266071002e-09
rs4666000	6	2.47625266071002e-09
rs13272731	6	2.52895940655589e-09
rs2976909	6	2.52895940655589e-09
rs4321967	6	2.52895940655589e-09
rs7350091	6	2.52895940655589e-09
rs9650656	6	2.52895940655589e-09
rs9650657	6	2.52895940655589e-09
rs2844622	6	2.56870313193586e-09
rs6937545	6	2.56870313193586e-09
rs6937696	6	2.56870313193586e-09
rs9268766	6	2.56870313193586e-09
rs1821007	6	2.57839906399757e-09
rs2976907	6	2.57839906399757e-09
rs4841436	6	2.57839906399757e-09
rs6601513	6	2.57839906399757e-09
rs6601523	6	2.57839906399757e-09
rs6982763	6	2.57839906399757e-09
rs7017599	6	2.57839906399757e-09
rs3129763	6	2.64160314209056e-09
rs9271528	6	2.64160314209056e-09
rs10169065	6	2.64577922157487e-09
rs10179872	6	2.64577922157487e-09
rs10208529	6	2.64577922157487e-09
rs12473139	6	2.64577922157487e-09
rs12989678	6	2.64577922157487e-09
rs12995461	6	2.64577922157487e-09
rs13010586	6	2.64577922157487e-09
rs13020949	6	2.64577922157487e-09
rs13022873	6	2.64577922157487e-09
rs1919127	6	2.64577922157487e-09
rs1919128	6	2.64577922157487e-09
rs34016998	6	2.64577922157487e-09
rs4665382	6	2.64577922157487e-09
rs4665383	6	2.64577922157487e-09
rs4665987	6	2.64577922157487e-09
rs4665988	6	2.64577922157487e-09
rs4665991	6	2.64577922157487e-09
rs4666002	6	2.64577922157487e-09
rs6760250	6	2.64577922157487e-09
rs74175068	6	2.64577922157487e-09
rs7570476	6	2.64577922157487e-09
rs7577311	6	2.64577922157487e-09
rs2002779	5	2.65473288774476e-09
rs76817401	5	2.65473288774476e-09
rs9270050	5	2.65473288774476e-09
rs9271082	5	2.65473288774476e-09
rs12952581	6	2.66581202321163e-09
rs9358916	6	2.66581202321163e-09
rs9358918	6	2.66581202321163e-09
rs9358920	6	2.66581202321163e-09
rs9358927	6	2.66581202321163e-09
rs9366650	6	2.66581202321163e-09
rs9379842	6	2.66581202321163e-09
rs9379844	6	2.66581202321163e-09
rs9393691	6	2.66581202321163e-09
rs9393696	6	2.66581202321163e-09
rs9393697	6	2.66581202321163e-09
rs2976906	6	2.70340569884116e-09
rs10049413	6	2.71339636426427e-09
rs10865959	6	2.71339636426427e-09
rs11717256	6	2.71339636426427e-09
rs3749237	6	2.71339636426427e-09
rs9850465	6	2.71339636426427e-09
rs2001433	6	2.82537293687645e-09
rs2248909	6	2.82537293687645e-09
rs2409718	6	2.82537293687645e-09
rs4711304	6	2.82537293687645e-09
rs401754	5	2.88039165335268e-09
rs401763	5	2.88039165335268e-09
rs7700107	5	2.88039165335268e-09
rs9257803	5	2.88039165335268e-09
rs28407950	6	2.89302614716388e-09
rs674313	6	2.89302614716388e-09
rs3905581	6	2.96729503423044e-09
rs4840513	6	2.96729503423044e-09
rs34929649	6	3.0090968708014e-09
rs11250076	6	3.02054975943322e-09
rs73189192	6	3.02054975943322e-09
rs10086521	6	3.02513053110248e-09
rs537160	6	3.02513053110248e-09
rs13249843	6	3.04952181935727e-09
rs4932370	6	3.04952181935727e-09
rs2073044	6	3.09948207751556e-09
rs1541374	6	3.1300086280322e-09
rs3129931	6	3.16283222775065e-09
rs114399331	4	3.20818339509685e-09
rs115326349	4	3.20818339509685e-09
rs139410431	4	3.20818339509685e-09
rs28732178	4	3.20818339509685e-09
rs144717024	4	3.22805175586221e-09
rs11154009	6	3.24634376661765e-09
rs11154010	6	3.24634376661765e-09
rs2251473	6	3.24634376661765e-09
rs2945251	6	3.24634376661765e-09
rs2945252	6	3.24634376661765e-09
rs2955585	6	3.24634376661765e-09
rs2955586	6	3.24634376661765e-09
rs6569187	6	3.24634376661765e-09
rs6601282	6	3.24634376661765e-09
rs9320798	6	3.24634376661765e-09
rs9387952	6	3.24634376661765e-09
rs11714957	6	3.38038904234459e-09
rs13086465	6	3.38038904234459e-09
rs2844479	6	3.38038904234459e-09
rs9273536	6	3.38038904234459e-09
rs1128535	6	3.38784305605529e-09
rs11991118	6	3.38784305605529e-09
rs13085679	6	3.38784305605529e-09
rs2248699	6	3.38784305605529e-09
rs2736313	6	3.38784305605529e-09
rs2955578	6	3.38784305605529e-09
rs330047	6	3.38784305605529e-09
rs34208825	6	3.38784305605529e-09
rs4412192	6	3.38784305605529e-09
rs4841504	6	3.38784305605529e-09
rs6916289	6	3.38784305605529e-09
rs695238	6	3.38784305605529e-09
rs7648987	6	3.38784305605529e-09
rs7761298	6	3.38784305605529e-09
rs9358915	6	3.38784305605529e-09
rs9358917	6	3.38784305605529e-09
rs9358919	6	3.38784305605529e-09
rs9366649	6	3.38784305605529e-09
rs9366651	6	3.38784305605529e-09
rs9379838	6	3.38784305605529e-09
rs9393693	6	3.38784305605529e-09
rs9393694	6	3.38784305605529e-09
rs989134	6	3.38784305605529e-09
rs11250200	6	3.4787097423743e-09
rs2260051	6	3.4787097423743e-09
rs2948294	6	3.4787097423743e-09
rs4240559	6	3.4787097423743e-09
rs4368816	6	3.4787097423743e-09
rs4412208	6	3.4787097423743e-09
rs4460216	6	3.4787097423743e-09
rs4524616	6	3.4787097423743e-09
rs6601280	6	3.4787097423743e-09
rs6601281	6	3.4787097423743e-09
rs9398648	6	3.4787097423743e-09
rs10089615	6	3.53550930388562e-09
rs10107289	6	3.53550930388562e-09
rs11250073	6	3.53550930388562e-09
rs11250074	6	3.53550930388562e-09
rs2005309	6	3.53550930388562e-09
rs35091929	6	3.53550930388562e-09
rs4504595	6	3.53550930388562e-09
rs4593498	6	3.53550930388562e-09
rs6993841	6	3.53550930388562e-09
rs7813706	6	3.53550930388562e-09
rs7833945	6	3.53550930388562e-09
rs7834466	6	3.53550930388562e-09
rs13191326	5	3.53924419288585e-09
rs13212921	5	3.53924419288585e-09
rs13215879	5	3.53924419288585e-09
rs13217285	5	3.53924419288585e-09
rs13219354	5	3.53924419288585e-09
rs16895971	5	3.53924419288585e-09
rs17720293	5	3.53924419288585e-09
rs34817112	5	3.53924419288585e-09
rs35526527	5	3.53924419288585e-09
rs35608615	5	3.53924419288585e-09
rs35909544	5	3.53924419288585e-09
rs56862318	5	3.53924419288585e-09
rs67457459	5	3.53924419288585e-09
rs2097432	6	3.56111350470203e-09
rs2183947	6	3.56111350470203e-09
rs2858864	6	3.56111350470203e-09
rs4599680	6	3.56111350470203e-09
rs590999	6	3.56111350470203e-09
rs602427	6	3.56111350470203e-09
rs72834696	6	3.56111350470203e-09
rs9267922	6	3.56111350470203e-09
rs9270493	6	3.56111350470203e-09
rs9270623	6	3.56111350470203e-09
rs9270665	6	3.56111350470203e-09
rs9271352	6	3.56111350470203e-09
rs9271541	6	3.56111350470203e-09
rs9379827	6	3.56111350470203e-09
rs9379830	6	3.56111350470203e-09
rs4841351	6	3.56385729491284e-09
rs4841352	6	3.56385729491284e-09
rs60364191	6	3.56385729491284e-09
rs6985501	6	3.56385729491284e-09
rs6992091	6	3.56385729491284e-09
rs10096381	6	3.56946015654227e-09
rs10106207	6	3.56946015654227e-09
rs1042701	6	3.56946015654227e-09
rs1057626	6	3.56946015654227e-09
rs11985709	6	3.56946015654227e-09
rs13280813	6	3.56946015654227e-09
rs2409691	6	3.56946015654227e-09
rs2409784	6	3.56946015654227e-09
rs6601565	6	3.56946015654227e-09
rs6991930	6	3.56946015654227e-09
rs7822958	6	3.56946015654227e-09
rs7843987	6	3.56946015654227e-09
rs9275241	6	3.56946015654227e-09
rs7749305	5	3.58716078195893e-09
rs12496226	6	3.63431444080839e-09
rs12524149	6	3.63431444080839e-09
rs1317140	6	3.63431444080839e-09
rs13316065	6	3.63431444080839e-09
rs71324996	6	3.63431444080839e-09
rs9819511	6	3.63431444080839e-09
rs2979162	6	3.68346888650587e-09
rs10098699	6	3.74963596757859e-09
rs2277130	6	3.74963596757859e-09
rs34653170	6	3.74963596757859e-09
rs114615123	4	3.76713664798809e-09
rs115613847	4	3.76713664798809e-09
rs116135464	4	3.76713664798809e-09
rs116285304	4	3.76713664798809e-09
rs116488202	4	3.76713664798809e-09
rs116666910	4	3.76713664798809e-09
rs145575084	4	3.76713664798809e-09
rs146683910	4	3.76713664798809e-09
rs148015908	4	3.76713664798809e-09
rs3997984	4	3.76713664798809e-09
rs3998320	4	3.76713664798809e-09
rs4349859	4	3.76713664798809e-09
rs13716	6	3.81335072371413e-09
rs755714	6	3.81335072371413e-09
rs805297	6	3.81335072371413e-09
rs13191227	5	3.86348353839139e-09
rs13191474	5	3.86348353839139e-09
rs13195040	5	3.86348353839139e-09
rs13196692	5	3.86348353839139e-09
rs13218537	5	3.86348353839139e-09
rs28360634	5	3.86348353839139e-09
rs34071253	5	3.86348353839139e-09
rs34150729	5	3.86348353839139e-09
rs34332556	5	3.86348353839139e-09
rs34816374	5	3.86348353839139e-09
rs34953377	5	3.86348353839139e-09
rs35120058	5	3.86348353839139e-09
rs35173303	5	3.86348353839139e-09
rs35716472	5	3.86348353839139e-09
rs35869525	5	3.86348353839139e-09
rs41269265	5	3.86348353839139e-09
rs56401801	5	3.86348353839139e-09
rs66841633	5	3.86348353839139e-09
rs71537559	5	3.86348353839139e-09
rs71557378	5	3.86348353839139e-09
rs80264589	5	3.86348353839139e-09
rs4451266	6	3.93980453479968e-09
rs6456711	6	3.93980453479968e-09
rs6456712	6	3.93980453479968e-09
rs9273349	6	3.93980453479968e-09
rs9393692	6	3.93980453479968e-09
rs2736176	6	3.97544181843074e-09
rs2857698	6	3.97544181843074e-09
rs5872	6	3.97544181843074e-09
rs707919	6	3.97544181843074e-09
rs805299	6	3.97544181843074e-09
rs11250098	6	4.02789128453315e-09
rs12155745	6	4.02789128453315e-09
rs17723229	6	4.02789128453315e-09
rs2409689	6	4.02789128453315e-09
rs6601562	6	4.02789128453315e-09
rs6980884	6	4.02789128453315e-09
rs209139	4	4.09487036884673e-09
rs41268932	4	4.09487036884673e-09
rs9468464	4	4.09487036884673e-09
rs2523489	6	4.11839276893058e-09
rs2523490	6	4.11839276893058e-09
rs2596571	6	4.11839276893058e-09
rs2596573	6	4.11839276893058e-09
rs2844537	6	4.11839276893058e-09
rs2844539	6	4.11839276893058e-09
rs3094592	6	4.11839276893058e-09
rs4665985	6	4.11839276893058e-09
rs9266670	6	4.11839276893058e-09
rs9266671	6	4.11839276893058e-09
rs9266672	6	4.11839276893058e-09
rs9266673	6	4.11839276893058e-09
rs9266674	6	4.11839276893058e-09
rs9266675	6	4.11839276893058e-09
rs9266690	6	4.11839276893058e-09
rs9266694	6	4.11839276893058e-09
rs9266702	6	4.11839276893058e-09
rs9266704	6	4.11839276893058e-09
rs9266709	6	4.11839276893058e-09
rs9266710	6	4.11839276893058e-09
rs9266713	6	4.11839276893058e-09
rs9266714	6	4.11839276893058e-09
rs11250121	6	4.18117793328181e-09
rs12548184	6	4.18117793328181e-09
rs2467520	6	4.18117793328181e-09
rs4240671	6	4.18117793328181e-09
rs4840525	6	4.18117793328181e-09
rs4840542	6	4.18117793328181e-09
rs34259385	6	4.32082453011378e-09
rs2213581	6	4.32583573877705e-09
rs2395165	6	4.32583573877705e-09
rs3135377	6	4.32583573877705e-09
rs4412247	6	4.32583573877705e-09
rs4959027	6	4.32583573877705e-09
rs10097870	6	4.34713308104542e-09
rs13270267	6	4.34713308104542e-09
rs2001840	6	4.34713308104542e-09
rs34772085	6	4.34713308104542e-09
rs4841466	6	4.34713308104542e-09
rs59046059	6	4.34713308104542e-09
rs6601571	6	4.34713308104542e-09
rs2729940	6	4.39997422137473e-09
rs9266718	6	4.42729416767434e-09
rs111301312	4	4.42891029788351e-09
rs111518019	4	4.42891029788351e-09
rs112168410	4	4.42891029788351e-09
rs1131446	4	4.42891029788351e-09
rs113688927	4	4.42891029788351e-09
rs1140487	4	4.42891029788351e-09
rs115841246	4	4.42891029788351e-09
rs115986568	4	4.42891029788351e-09
rs2923003	4	4.42891029788351e-09
rs41557415	4	4.42891029788351e-09
rs41561016	4	4.42891029788351e-09
rs57989216	4	4.42891029788351e-09
rs58102217	4	4.42891029788351e-09
rs59440261	4	4.42891029788351e-09
rs1324088	5	4.44072368886898e-09
rs3130346	5	4.44072368886898e-09
rs3134604	5	4.44072368886898e-09
rs72834698	5	4.44072368886898e-09
rs9393925	5	4.44072368886898e-09
rs117206681	5	4.44214860295625e-09
rs34158769	5	4.44214860295625e-09
rs6026727	5	4.44214860295625e-09
rs6026728	5	4.44214860295625e-09
rs6026729	5	4.44214860295625e-09
rs6026731	5	4.44214860295625e-09
rs6026732	5	4.44214860295625e-09
rs6026733	5	4.44214860295625e-09
rs73306874	5	4.44214860295625e-09
rs74695165	5	4.44214860295625e-09
rs74729242	5	4.44214860295625e-09
rs75245746	5	4.44214860295625e-09
rs75339815	5	4.44214860295625e-09
rs77543692	5	4.44214860295625e-09
rs77882141	5	4.44214860295625e-09
rs77909999	5	4.44214860295625e-09
rs78302204	5	4.44214860295625e-09
rs78412528	5	4.44214860295625e-09
rs78628461	5	4.44214860295625e-09
rs78846039	5	4.44214860295625e-09
rs78953748	5	4.44214860295625e-09
rs80271186	5	4.44214860295625e-09
rs2445689	6	4.487339551309e-09
rs35789108	6	4.487339551309e-09
rs7832722	6	4.50411695455696e-09
rs9272441	6	4.50411695455696e-09
rs13273172	6	4.51120581503422e-09
rs1533059	6	4.51120581503422e-09
rs9266247	6	4.51120581503422e-09
rs10090939	6	4.54868367773768e-09
rs10461139	6	4.54868367773768e-09
rs13109676	6	4.54868367773768e-09
rs4699165	6	4.54868367773768e-09
rs6818637	6	4.54868367773768e-09
rs17637472	6	4.57464415889124e-09
rs2116093	6	4.57464415889124e-09
rs2116095	6	4.57464415889124e-09
rs2139204	6	4.57464415889124e-09
rs2176630	6	4.57464415889124e-09
rs3129770	6	4.57464415889124e-09
rs4618656	6	4.57464415889124e-09
rs7830431	6	4.57464415889124e-09
rs10214663	4	4.59457131799718e-09
rs112421079	4	4.59457131799718e-09
rs113340460	4	4.59457131799718e-09
rs115896345	4	4.59457131799718e-09
rs116508100	4	4.59457131799718e-09
rs116567625	4	4.59457131799718e-09
rs145108206	4	4.59457131799718e-09
rs149702363	4	4.59457131799718e-09
rs149754096	4	4.59457131799718e-09
rs172327	4	4.59457131799718e-09
rs176461	4	4.59457131799718e-09
rs209159	4	4.59457131799718e-09
rs45533135	4	4.59457131799718e-09
rs77154096	4	4.59457131799718e-09
rs9295797	4	4.59457131799718e-09
rs9461514	4	4.59457131799718e-09
rs9468504	4	4.59457131799718e-09
rs9468506	4	4.59457131799718e-09
rs9468508	4	4.59457131799718e-09
rs9468510	4	4.59457131799718e-09
rs9501304	4	4.59457131799718e-09
rs9501305	4	4.59457131799718e-09
rs74715624	5	4.6870738863138e-09
rs12721051	5	4.71077070530525e-09
rs56131196	5	4.71077070530525e-09
rs4713147	5	4.80632167761559e-09
rs527254	7	4.84619099869254e-09
rs13206458	6	4.92135280632867e-09
rs144447022	6	4.92135280632867e-09
rs148696809	6	4.92135280632867e-09
rs2230683	6	4.92135280632867e-09
rs3116830	6	4.92135280632867e-09
rs3117142	6	4.92135280632867e-09
rs3117143	6	4.92135280632867e-09
rs3117326	6	4.92135280632867e-09
rs3117337	6	4.92135280632867e-09
rs3117339	6	4.92135280632867e-09
rs3118357	6	4.92135280632867e-09
rs3118360	6	4.92135280632867e-09
rs3118364	6	4.92135280632867e-09
rs3118366	6	4.92135280632867e-09
rs3118367	6	4.92135280632867e-09
rs3118370	6	4.92135280632867e-09
rs3129104	6	4.92135280632867e-09
rs3129178	6	4.92135280632867e-09
rs3129788	6	4.92135280632867e-09
rs3129797	6	4.92135280632867e-09
rs3129799	6	4.92135280632867e-09
rs3130715	6	4.92135280632867e-09
rs3130777	6	4.92135280632867e-09
rs3130831	6	4.92135280632867e-09
rs3130834	6	4.92135280632867e-09
rs3130837	6	4.92135280632867e-09
rs3130838	6	4.92135280632867e-09
rs3130844	6	4.92135280632867e-09
rs3130845	6	4.92135280632867e-09
rs3130846	6	4.92135280632867e-09
rs3130847	6	4.92135280632867e-09
rs3130885	6	4.92135280632867e-09
rs3130890	6	4.92135280632867e-09
rs3130891	6	4.92135280632867e-09
rs3130892	6	4.92135280632867e-09
rs3130895	6	4.92135280632867e-09
rs3131068	6	4.92135280632867e-09
rs3131069	6	4.92135280632867e-09
rs3131072	6	4.92135280632867e-09
rs3131073	6	4.92135280632867e-09
rs3131075	6	4.92135280632867e-09
rs3131076	6	4.92135280632867e-09
rs3131079	6	4.92135280632867e-09
rs3131085	6	4.92135280632867e-09
rs3131093	6	4.92135280632867e-09
rs3131094	6	4.92135280632867e-09
rs3131095	6	4.92135280632867e-09
rs3131096	6	4.92135280632867e-09
rs3131097	6	4.92135280632867e-09
rs3131101	6	4.92135280632867e-09
rs3131335	6	4.92135280632867e-09
rs3131336	6	4.92135280632867e-09
rs3131340	6	4.92135280632867e-09
rs3131343	6	4.92135280632867e-09
rs3132373	6	4.92135280632867e-09
rs3132374	6	4.92135280632867e-09
rs3132376	6	4.92135280632867e-09
rs3132378	6	4.92135280632867e-09
rs3132382	6	4.92135280632867e-09
rs3132384	6	4.92135280632867e-09
rs3132385	6	4.92135280632867e-09
rs3132389	6	4.92135280632867e-09
rs3132391	6	4.92135280632867e-09
rs3132392	6	4.92135280632867e-09
rs3132393	6	4.92135280632867e-09
rs3132395	6	4.92135280632867e-09
rs3132396	6	4.92135280632867e-09
rs3132397	6	4.92135280632867e-09
rs3135293	6	4.92135280632867e-09
rs3135294	6	4.92135280632867e-09
rs3135295	6	4.92135280632867e-09
rs3135297	6	4.92135280632867e-09
rs3135298	6	4.92135280632867e-09
rs3135299	6	4.92135280632867e-09
rs3135300	6	4.92135280632867e-09
rs3135302	6	4.92135280632867e-09
rs3135304	6	4.92135280632867e-09
rs3135305	6	4.92135280632867e-09
rs3135306	6	4.92135280632867e-09
rs3135307	6	4.92135280632867e-09
rs3135308	6	4.92135280632867e-09
rs3135309	6	4.92135280632867e-09
rs3135310	6	4.92135280632867e-09
rs3135311	6	4.92135280632867e-09
rs3135312	6	4.92135280632867e-09
rs3135313	6	4.92135280632867e-09
rs3135316	6	4.92135280632867e-09
rs3135318	6	4.92135280632867e-09
rs3135325	6	4.92135280632867e-09
rs4324798	6	4.92135280632867e-09
rs7760313	6	4.92135280632867e-09
rs7761321	6	4.92135280632867e-09
rs7764642	6	4.92135280632867e-09
rs7766699	6	4.92135280632867e-09
rs7767099	6	4.92135280632867e-09
rs9257183	6	4.92135280632867e-09
rs9257184	6	4.92135280632867e-09
rs9257187	6	4.92135280632867e-09
rs9257188	6	4.92135280632867e-09
rs9257189	6	4.92135280632867e-09
rs9257191	6	4.92135280632867e-09
rs9257192	6	4.92135280632867e-09
rs9257217	6	4.92135280632867e-09
rs9257223	6	4.92135280632867e-09
rs9257227	6	4.92135280632867e-09
rs9257245	6	4.92135280632867e-09
rs9257248	6	4.92135280632867e-09
rs9257249	6	4.92135280632867e-09
rs9257250	6	4.92135280632867e-09
rs9257262	6	4.92135280632867e-09
rs9257267	6	4.92135280632867e-09
rs9257271	6	4.92135280632867e-09
rs9257331	6	4.92135280632867e-09
rs1063323	6	4.95303493876587e-09
rs1130398	6	4.95303493876587e-09
rs4932177	6	4.95303493876587e-09
rs4932178	6	4.95303493876587e-09
rs4993986	6	4.95303493876587e-09
rs9273505	6	4.95303493876587e-09
